track_id,category,fold
0,medicineball1f0m,1
1,medicineball1f0m,1
2,medicineball1f0m,1
3,medicineball1f0m,1
4,medicineball1f0m,1
5,medicineball1f0m,1
6,medicineball1f0m,1
7,medicineball1f0m,1
8,medicineball1f0m,1
9,medicineball1f0m,1
10,medicineball1f0m,2
11,medicineball1f0m,2
12,medicineball1f0m,2
13,medicineball1f0m,2
14,medicineball1f0m,2
15,medicineball1f0m,2
16,medicineball1f0m,2
17,medicineball1f0m,2
18,medicineball1f0m,2
19,medicineball1f0m,2
20,medicineball1f0m,3
21,medicineball1f0m,3
22,medicineball1f0m,3
23,medicineball1f0m,3
24,medicineball1f0m,3
25,medicineball1f0m,3
26,medicineball1f0m,3
27,medicineball1f0m,3
28,medicineball1f0m,3
29,medicineball1f0m,3
30,medicineball1f0m,4
31,medicineball1f0m,4
32,medicineball1f0m,4
33,medicineball1f0m,4
34,medicineball1f0m,4
35,medicineball1f0m,4
36,medicineball1f0m,4
37,medicineball1f0m,4
38,medicineball1f0m,4
39,medicineball1f0m,4
40,medicineball1f0m,5
41,medicineball1f0m,5
42,medicineball1f0m,5
43,medicineball1f0m,5
44,medicineball1f0m,5
45,medicineball1f0m,5
46,medicineball1f0m,5
47,medicineball1f0m,5
48,medicineball1f0m,5
49,medicineball1f0m,5
1000,medicineball1f6m,1
1001,medicineball1f6m,1
1002,medicineball1f6m,1
1003,medicineball1f6m,1
1004,medicineball1f6m,1
1005,medicineball1f6m,1
1006,medicineball1f6m,1
1007,medicineball1f6m,1
1008,medicineball1f6m,1
1009,medicineball1f6m,1
1010,medicineball1f6m,2
1011,medicineball1f6m,2
1012,medicineball1f6m,2
1013,medicineball1f6m,2
1014,medicineball1f6m,2
1015,medicineball1f6m,2
1016,medicineball1f6m,2
1017,medicineball1f6m,2
1018,medicineball1f6m,2
1019,medicineball1f6m,2
1020,medicineball1f6m,3
1021,medicineball1f6m,3
1022,medicineball1f6m,3
1023,medicineball1f6m,3
1024,medicineball1f6m,3
1025,medicineball1f6m,3
1026,medicineball1f6m,3
1027,medicineball1f6m,3
1028,medicineball1f6m,3
1029,medicineball1f6m,3
1030,medicineball1f6m,4
1031,medicineball1f6m,4
1032,medicineball1f6m,4
1033,medicineball1f6m,4
1034,medicineball1f6m,4
1035,medicineball1f6m,4
1036,medicineball1f6m,4
1037,medicineball1f6m,4
1038,medicineball1f6m,4
1039,medicineball1f6m,4
1040,medicineball1f6m,5
1041,medicineball1f6m,5
1042,medicineball1f6m,5
1043,medicineball1f6m,5
1044,medicineball1f6m,5
1045,medicineball1f6m,5
1046,medicineball1f6m,5
1047,medicineball1f6m,5
1048,medicineball1f6m,5
1049,medicineball1f6m,5
2000,medicineball1f12m,1
2001,medicineball1f12m,1
2002,medicineball1f12m,1
2003,medicineball1f12m,1
2004,medicineball1f12m,1
2005,medicineball1f12m,1
2006,medicineball1f12m,1
2007,medicineball1f12m,1
2008,medicineball1f12m,1
2009,medicineball1f12m,1
2010,medicineball1f12m,2
2011,medicineball1f12m,2
2012,medicineball1f12m,2
2013,medicineball1f12m,2
2014,medicineball1f12m,2
2015,medicineball1f12m,2
2016,medicineball1f12m,2
2017,medicineball1f12m,2
2018,medicineball1f12m,2
2019,medicineball1f12m,2
2020,medicineball1f12m,3
2021,medicineball1f12m,3
2022,medicineball1f12m,3
2023,medicineball1f12m,3
2024,medicineball1f12m,3
2025,medicineball1f12m,3
2026,medicineball1f12m,3
2027,medicineball1f12m,3
2028,medicineball1f12m,3
2029,medicineball1f12m,3
2030,medicineball1f12m,4
2031,medicineball1f12m,4
2032,medicineball1f12m,4
2033,medicineball1f12m,4
2034,medicineball1f12m,4
2035,medicineball1f12m,4
2036,medicineball1f12m,4
2037,medicineball1f12m,4
2038,medicineball1f12m,4
2039,medicineball1f12m,4
2040,medicineball1f12m,5
2041,medicineball1f12m,5
2042,medicineball1f12m,5
2043,medicineball1f12m,5
2044,medicineball1f12m,5
2045,medicineball1f12m,5
2046,medicineball1f12m,5
2047,medicineball1f12m,5
2048,medicineball1f12m,5
2049,medicineball1f12m,5
3000,medicineball2f0m,1
3001,medicineball2f0m,1
3002,medicineball2f0m,1
3003,medicineball2f0m,1
3004,medicineball2f0m,1
3005,medicineball2f0m,1
3006,medicineball2f0m,1
3007,medicineball2f0m,1
3008,medicineball2f0m,1
3009,medicineball2f0m,1
3010,medicineball2f0m,2
3011,medicineball2f0m,2
3012,medicineball2f0m,2
3013,medicineball2f0m,2
3014,medicineball2f0m,2
3015,medicineball2f0m,2
3016,medicineball2f0m,2
3017,medicineball2f0m,2
3018,medicineball2f0m,2
3019,medicineball2f0m,2
3020,medicineball2f0m,3
3021,medicineball2f0m,3
3022,medicineball2f0m,3
3023,medicineball2f0m,3
3024,medicineball2f0m,3
3025,medicineball2f0m,3
3026,medicineball2f0m,3
3027,medicineball2f0m,3
3028,medicineball2f0m,3
3029,medicineball2f0m,3
3030,medicineball2f0m,4
3031,medicineball2f0m,4
3032,medicineball2f0m,4
3033,medicineball2f0m,4
3034,medicineball2f0m,4
3035,medicineball2f0m,4
3036,medicineball2f0m,4
3037,medicineball2f0m,4
3038,medicineball2f0m,4
3039,medicineball2f0m,4
3040,medicineball2f0m,5
3041,medicineball2f0m,5
3042,medicineball2f0m,5
3043,medicineball2f0m,5
3044,medicineball2f0m,5
3045,medicineball2f0m,5
3046,medicineball2f0m,5
3047,medicineball2f0m,5
3048,medicineball2f0m,5
3049,medicineball2f0m,5
4000,medicineball2f6m,1
4001,medicineball2f6m,1
4002,medicineball2f6m,1
4003,medicineball2f6m,1
4004,medicineball2f6m,1
4005,medicineball2f6m,1
4006,medicineball2f6m,1
4007,medicineball2f6m,1
4008,medicineball2f6m,1
4009,medicineball2f6m,1
4010,medicineball2f6m,2
4011,medicineball2f6m,2
4012,medicineball2f6m,2
4013,medicineball2f6m,2
4014,medicineball2f6m,2
4015,medicineball2f6m,2
4016,medicineball2f6m,2
4017,medicineball2f6m,2
4018,medicineball2f6m,2
4019,medicineball2f6m,2
4020,medicineball2f6m,3
4021,medicineball2f6m,3
4022,medicineball2f6m,3
4023,medicineball2f6m,3
4024,medicineball2f6m,3
4025,medicineball2f6m,3
4026,medicineball2f6m,3
4027,medicineball2f6m,3
4028,medicineball2f6m,3
4029,medicineball2f6m,3
4030,medicineball2f6m,4
4031,medicineball2f6m,4
4032,medicineball2f6m,4
4033,medicineball2f6m,4
4034,medicineball2f6m,4
4035,medicineball2f6m,4
4036,medicineball2f6m,4
4037,medicineball2f6m,4
4038,medicineball2f6m,4
4039,medicineball2f6m,4
4040,medicineball2f6m,5
4041,medicineball2f6m,5
4042,medicineball2f6m,5
4043,medicineball2f6m,5
4044,medicineball2f6m,5
4045,medicineball2f6m,5
4046,medicineball2f6m,5
4047,medicineball2f6m,5
4048,medicineball2f6m,5
4049,medicineball2f6m,5
5000,medicineball2f12m,1
5001,medicineball2f12m,1
5002,medicineball2f12m,1
5003,medicineball2f12m,1
5004,medicineball2f12m,1
5005,medicineball2f12m,1
5006,medicineball2f12m,1
5007,medicineball2f12m,1
5008,medicineball2f12m,1
5009,medicineball2f12m,1
5010,medicineball2f12m,2
5011,medicineball2f12m,2
5012,medicineball2f12m,2
5013,medicineball2f12m,2
5014,medicineball2f12m,2
5015,medicineball2f12m,2
5016,medicineball2f12m,2
5017,medicineball2f12m,2
5018,medicineball2f12m,2
5019,medicineball2f12m,2
5020,medicineball2f12m,3
5021,medicineball2f12m,3
5022,medicineball2f12m,3
5023,medicineball2f12m,3
5024,medicineball2f12m,3
5025,medicineball2f12m,3
5026,medicineball2f12m,3
5027,medicineball2f12m,3
5028,medicineball2f12m,3
5029,medicineball2f12m,3
5030,medicineball2f12m,4
5031,medicineball2f12m,4
5032,medicineball2f12m,4
5033,medicineball2f12m,4
5034,medicineball2f12m,4
5035,medicineball2f12m,4
5036,medicineball2f12m,4
5037,medicineball2f12m,4
5038,medicineball2f12m,4
5039,medicineball2f12m,4
5040,medicineball2f12m,5
5041,medicineball2f12m,5
5042,medicineball2f12m,5
5043,medicineball2f12m,5
5044,medicineball2f12m,5
5045,medicineball2f12m,5
5046,medicineball2f12m,5
5047,medicineball2f12m,5
5048,medicineball2f12m,5
5049,medicineball2f12m,5
6000,medicineball3f0m,1
6001,medicineball3f0m,1
6002,medicineball3f0m,1
6003,medicineball3f0m,1
6004,medicineball3f0m,1
6005,medicineball3f0m,1
6006,medicineball3f0m,1
6007,medicineball3f0m,1
6008,medicineball3f0m,1
6009,medicineball3f0m,1
6010,medicineball3f0m,2
6011,medicineball3f0m,2
6012,medicineball3f0m,2
6013,medicineball3f0m,2
6014,medicineball3f0m,2
6015,medicineball3f0m,2
6016,medicineball3f0m,2
6017,medicineball3f0m,2
6018,medicineball3f0m,2
6019,medicineball3f0m,2
6020,medicineball3f0m,3
6021,medicineball3f0m,3
6022,medicineball3f0m,3
6023,medicineball3f0m,3
6024,medicineball3f0m,3
6025,medicineball3f0m,3
6026,medicineball3f0m,3
6027,medicineball3f0m,3
6028,medicineball3f0m,3
6029,medicineball3f0m,3
6030,medicineball3f0m,4
6031,medicineball3f0m,4
6032,medicineball3f0m,4
6033,medicineball3f0m,4
6034,medicineball3f0m,4
6035,medicineball3f0m,4
6036,medicineball3f0m,4
6037,medicineball3f0m,4
6038,medicineball3f0m,4
6039,medicineball3f0m,4
6040,medicineball3f0m,5
6041,medicineball3f0m,5
6042,medicineball3f0m,5
6043,medicineball3f0m,5
6044,medicineball3f0m,5
6045,medicineball3f0m,5
6046,medicineball3f0m,5
6047,medicineball3f0m,5
6048,medicineball3f0m,5
6049,medicineball3f0m,5
7000,medicineball3f6m,1
7001,medicineball3f6m,1
7002,medicineball3f6m,1
7003,medicineball3f6m,1
7004,medicineball3f6m,1
7005,medicineball3f6m,1
7006,medicineball3f6m,1
7007,medicineball3f6m,1
7008,medicineball3f6m,1
7009,medicineball3f6m,1
7010,medicineball3f6m,2
7011,medicineball3f6m,2
7012,medicineball3f6m,2
7013,medicineball3f6m,2
7014,medicineball3f6m,2
7015,medicineball3f6m,2
7016,medicineball3f6m,2
7017,medicineball3f6m,2
7018,medicineball3f6m,2
7019,medicineball3f6m,2
7020,medicineball3f6m,3
7021,medicineball3f6m,3
7022,medicineball3f6m,3
7023,medicineball3f6m,3
7024,medicineball3f6m,3
7025,medicineball3f6m,3
7026,medicineball3f6m,3
7027,medicineball3f6m,3
7028,medicineball3f6m,3
7029,medicineball3f6m,3
7030,medicineball3f6m,4
7031,medicineball3f6m,4
7032,medicineball3f6m,4
7033,medicineball3f6m,4
7034,medicineball3f6m,4
7035,medicineball3f6m,4
7036,medicineball3f6m,4
7037,medicineball3f6m,4
7038,medicineball3f6m,4
7039,medicineball3f6m,4
7040,medicineball3f6m,5
7041,medicineball3f6m,5
7042,medicineball3f6m,5
7043,medicineball3f6m,5
7044,medicineball3f6m,5
7045,medicineball3f6m,5
7046,medicineball3f6m,5
7047,medicineball3f6m,5
7048,medicineball3f6m,5
7049,medicineball3f6m,5
8000,medicineball3f12m,1
8001,medicineball3f12m,1
8002,medicineball3f12m,1
8003,medicineball3f12m,1
8004,medicineball3f12m,1
8005,medicineball3f12m,1
8006,medicineball3f12m,1
8007,medicineball3f12m,1
8008,medicineball3f12m,1
8009,medicineball3f12m,1
8010,medicineball3f12m,2
8011,medicineball3f12m,2
8012,medicineball3f12m,2
8013,medicineball3f12m,2
8014,medicineball3f12m,2
8015,medicineball3f12m,2
8016,medicineball3f12m,2
8017,medicineball3f12m,2
8018,medicineball3f12m,2
8019,medicineball3f12m,2
8020,medicineball3f12m,3
8021,medicineball3f12m,3
8022,medicineball3f12m,3
8023,medicineball3f12m,3
8024,medicineball3f12m,3
8025,medicineball3f12m,3
8026,medicineball3f12m,3
8027,medicineball3f12m,3
8028,medicineball3f12m,3
8029,medicineball3f12m,3
8030,medicineball3f12m,4
8031,medicineball3f12m,4
8032,medicineball3f12m,4
8033,medicineball3f12m,4
8034,medicineball3f12m,4
8035,medicineball3f12m,4
8036,medicineball3f12m,4
8037,medicineball3f12m,4
8038,medicineball3f12m,4
8039,medicineball3f12m,4
8040,medicineball3f12m,5
8041,medicineball3f12m,5
8042,medicineball3f12m,5
8043,medicineball3f12m,5
8044,medicineball3f12m,5
8045,medicineball3f12m,5
8046,medicineball3f12m,5
8047,medicineball3f12m,5
8048,medicineball3f12m,5
8049,medicineball3f12m,5
9000,hammerdrop1f0m,1
9001,hammerdrop1f0m,1
9002,hammerdrop1f0m,1
9003,hammerdrop1f0m,1
9004,hammerdrop1f0m,1
9005,hammerdrop1f0m,1
9006,hammerdrop1f0m,1
9007,hammerdrop1f0m,1
9008,hammerdrop1f0m,1
9009,hammerdrop1f0m,1
9010,hammerdrop1f0m,2
9011,hammerdrop1f0m,2
9012,hammerdrop1f0m,2
9013,hammerdrop1f0m,2
9014,hammerdrop1f0m,2
9015,hammerdrop1f0m,2
9016,hammerdrop1f0m,2
9017,hammerdrop1f0m,2
9018,hammerdrop1f0m,2
9019,hammerdrop1f0m,2
9020,hammerdrop1f0m,3
9021,hammerdrop1f0m,3
9022,hammerdrop1f0m,3
9023,hammerdrop1f0m,3
9024,hammerdrop1f0m,3
9025,hammerdrop1f0m,3
9026,hammerdrop1f0m,3
9027,hammerdrop1f0m,3
9028,hammerdrop1f0m,3
9029,hammerdrop1f0m,3
9030,hammerdrop1f0m,4
9031,hammerdrop1f0m,4
9032,hammerdrop1f0m,4
9033,hammerdrop1f0m,4
9034,hammerdrop1f0m,4
9035,hammerdrop1f0m,4
9036,hammerdrop1f0m,4
9037,hammerdrop1f0m,4
9038,hammerdrop1f0m,4
9039,hammerdrop1f0m,4
9040,hammerdrop1f0m,5
9041,hammerdrop1f0m,5
9042,hammerdrop1f0m,5
9043,hammerdrop1f0m,5
9044,hammerdrop1f0m,5
9045,hammerdrop1f0m,5
9046,hammerdrop1f0m,5
9047,hammerdrop1f0m,5
9048,hammerdrop1f0m,5
9049,hammerdrop1f0m,5
10000,hammerdrop1f6m,1
10001,hammerdrop1f6m,1
10002,hammerdrop1f6m,1
10003,hammerdrop1f6m,1
10004,hammerdrop1f6m,1
10005,hammerdrop1f6m,1
10006,hammerdrop1f6m,1
10007,hammerdrop1f6m,1
10008,hammerdrop1f6m,1
10009,hammerdrop1f6m,1
10010,hammerdrop1f6m,2
10011,hammerdrop1f6m,2
10012,hammerdrop1f6m,2
10013,hammerdrop1f6m,2
10014,hammerdrop1f6m,2
10015,hammerdrop1f6m,2
10016,hammerdrop1f6m,2
10017,hammerdrop1f6m,2
10018,hammerdrop1f6m,2
10019,hammerdrop1f6m,2
10020,hammerdrop1f6m,3
10021,hammerdrop1f6m,3
10022,hammerdrop1f6m,3
10023,hammerdrop1f6m,3
10024,hammerdrop1f6m,3
10025,hammerdrop1f6m,3
10026,hammerdrop1f6m,3
10027,hammerdrop1f6m,3
10028,hammerdrop1f6m,3
10029,hammerdrop1f6m,3
10030,hammerdrop1f6m,4
10031,hammerdrop1f6m,4
10032,hammerdrop1f6m,4
10033,hammerdrop1f6m,4
10034,hammerdrop1f6m,4
10035,hammerdrop1f6m,4
10036,hammerdrop1f6m,4
10037,hammerdrop1f6m,4
10038,hammerdrop1f6m,4
10039,hammerdrop1f6m,4
10040,hammerdrop1f6m,5
10041,hammerdrop1f6m,5
10042,hammerdrop1f6m,5
10043,hammerdrop1f6m,5
10044,hammerdrop1f6m,5
10045,hammerdrop1f6m,5
10046,hammerdrop1f6m,5
10047,hammerdrop1f6m,5
10048,hammerdrop1f6m,5
10049,hammerdrop1f6m,5
11000,hammerdrop1f12m,1
11001,hammerdrop1f12m,1
11002,hammerdrop1f12m,1
11003,hammerdrop1f12m,1
11004,hammerdrop1f12m,1
11005,hammerdrop1f12m,1
11006,hammerdrop1f12m,1
11007,hammerdrop1f12m,1
11008,hammerdrop1f12m,1
11009,hammerdrop1f12m,1
11010,hammerdrop1f12m,2
11011,hammerdrop1f12m,2
11012,hammerdrop1f12m,2
11013,hammerdrop1f12m,2
11014,hammerdrop1f12m,2
11015,hammerdrop1f12m,2
11016,hammerdrop1f12m,2
11017,hammerdrop1f12m,2
11018,hammerdrop1f12m,2
11019,hammerdrop1f12m,2
11020,hammerdrop1f12m,3
11021,hammerdrop1f12m,3
11022,hammerdrop1f12m,3
11023,hammerdrop1f12m,3
11024,hammerdrop1f12m,3
11025,hammerdrop1f12m,3
11026,hammerdrop1f12m,3
11027,hammerdrop1f12m,3
11028,hammerdrop1f12m,3
11029,hammerdrop1f12m,3
11030,hammerdrop1f12m,4
11031,hammerdrop1f12m,4
11032,hammerdrop1f12m,4
11033,hammerdrop1f12m,4
11034,hammerdrop1f12m,4
11035,hammerdrop1f12m,4
11036,hammerdrop1f12m,4
11037,hammerdrop1f12m,4
11038,hammerdrop1f12m,4
11039,hammerdrop1f12m,4
11040,hammerdrop1f12m,5
11041,hammerdrop1f12m,5
11042,hammerdrop1f12m,5
11043,hammerdrop1f12m,5
11044,hammerdrop1f12m,5
11045,hammerdrop1f12m,5
11046,hammerdrop1f12m,5
11047,hammerdrop1f12m,5
11048,hammerdrop1f12m,5
11049,hammerdrop1f12m,5
12000,hammerdrop2f0m,1
12001,hammerdrop2f0m,1
12002,hammerdrop2f0m,1
12003,hammerdrop2f0m,1
12004,hammerdrop2f0m,1
12005,hammerdrop2f0m,1
12006,hammerdrop2f0m,1
12007,hammerdrop2f0m,1
12008,hammerdrop2f0m,1
12009,hammerdrop2f0m,1
12010,hammerdrop2f0m,2
12011,hammerdrop2f0m,2
12012,hammerdrop2f0m,2
12013,hammerdrop2f0m,2
12014,hammerdrop2f0m,2
12015,hammerdrop2f0m,2
12016,hammerdrop2f0m,2
12017,hammerdrop2f0m,2
12018,hammerdrop2f0m,2
12019,hammerdrop2f0m,2
12020,hammerdrop2f0m,3
12021,hammerdrop2f0m,3
12022,hammerdrop2f0m,3
12023,hammerdrop2f0m,3
12024,hammerdrop2f0m,3
12025,hammerdrop2f0m,3
12026,hammerdrop2f0m,3
12027,hammerdrop2f0m,3
12028,hammerdrop2f0m,3
12029,hammerdrop2f0m,3
12030,hammerdrop2f0m,4
12031,hammerdrop2f0m,4
12032,hammerdrop2f0m,4
12033,hammerdrop2f0m,4
12034,hammerdrop2f0m,4
12035,hammerdrop2f0m,4
12036,hammerdrop2f0m,4
12037,hammerdrop2f0m,4
12038,hammerdrop2f0m,4
12039,hammerdrop2f0m,4
12040,hammerdrop2f0m,5
12041,hammerdrop2f0m,5
12042,hammerdrop2f0m,5
12043,hammerdrop2f0m,5
12044,hammerdrop2f0m,5
12045,hammerdrop2f0m,5
12046,hammerdrop2f0m,5
12047,hammerdrop2f0m,5
12048,hammerdrop2f0m,5
12049,hammerdrop2f0m,5
13000,hammerdrop2f6m,1
13001,hammerdrop2f6m,1
13002,hammerdrop2f6m,1
13003,hammerdrop2f6m,1
13004,hammerdrop2f6m,1
13005,hammerdrop2f6m,1
13006,hammerdrop2f6m,1
13007,hammerdrop2f6m,1
13008,hammerdrop2f6m,1
13009,hammerdrop2f6m,1
13010,hammerdrop2f6m,2
13011,hammerdrop2f6m,2
13012,hammerdrop2f6m,2
13013,hammerdrop2f6m,2
13014,hammerdrop2f6m,2
13015,hammerdrop2f6m,2
13016,hammerdrop2f6m,2
13017,hammerdrop2f6m,2
13018,hammerdrop2f6m,2
13019,hammerdrop2f6m,2
13020,hammerdrop2f6m,3
13021,hammerdrop2f6m,3
13022,hammerdrop2f6m,3
13023,hammerdrop2f6m,3
13024,hammerdrop2f6m,3
13025,hammerdrop2f6m,3
13026,hammerdrop2f6m,3
13027,hammerdrop2f6m,3
13028,hammerdrop2f6m,3
13029,hammerdrop2f6m,3
13030,hammerdrop2f6m,4
13031,hammerdrop2f6m,4
13032,hammerdrop2f6m,4
13033,hammerdrop2f6m,4
13034,hammerdrop2f6m,4
13035,hammerdrop2f6m,4
13036,hammerdrop2f6m,4
13037,hammerdrop2f6m,4
13038,hammerdrop2f6m,4
13039,hammerdrop2f6m,4
13040,hammerdrop2f6m,5
13041,hammerdrop2f6m,5
13042,hammerdrop2f6m,5
13043,hammerdrop2f6m,5
13044,hammerdrop2f6m,5
13045,hammerdrop2f6m,5
13046,hammerdrop2f6m,5
13047,hammerdrop2f6m,5
13048,hammerdrop2f6m,5
13049,hammerdrop2f6m,5
14000,hammerdrop2f12m,1
14001,hammerdrop2f12m,1
14002,hammerdrop2f12m,1
14003,hammerdrop2f12m,1
14004,hammerdrop2f12m,1
14005,hammerdrop2f12m,1
14006,hammerdrop2f12m,1
14007,hammerdrop2f12m,1
14008,hammerdrop2f12m,1
14009,hammerdrop2f12m,1
14010,hammerdrop2f12m,2
14011,hammerdrop2f12m,2
14012,hammerdrop2f12m,2
14013,hammerdrop2f12m,2
14014,hammerdrop2f12m,2
14015,hammerdrop2f12m,2
14016,hammerdrop2f12m,2
14017,hammerdrop2f12m,2
14018,hammerdrop2f12m,2
14019,hammerdrop2f12m,2
14020,hammerdrop2f12m,3
14021,hammerdrop2f12m,3
14022,hammerdrop2f12m,3
14023,hammerdrop2f12m,3
14024,hammerdrop2f12m,3
14025,hammerdrop2f12m,3
14026,hammerdrop2f12m,3
14027,hammerdrop2f12m,3
14028,hammerdrop2f12m,3
14029,hammerdrop2f12m,3
14030,hammerdrop2f12m,4
14031,hammerdrop2f12m,4
14032,hammerdrop2f12m,4
14033,hammerdrop2f12m,4
14034,hammerdrop2f12m,4
14035,hammerdrop2f12m,4
14036,hammerdrop2f12m,4
14037,hammerdrop2f12m,4
14038,hammerdrop2f12m,4
14039,hammerdrop2f12m,4
14040,hammerdrop2f12m,5
14041,hammerdrop2f12m,5
14042,hammerdrop2f12m,5
14043,hammerdrop2f12m,5
14044,hammerdrop2f12m,5
14045,hammerdrop2f12m,5
14046,hammerdrop2f12m,5
14047,hammerdrop2f12m,5
14048,hammerdrop2f12m,5
14049,hammerdrop2f12m,5
15000,hammerdrop3f0m,1
15001,hammerdrop3f0m,1
15002,hammerdrop3f0m,1
15003,hammerdrop3f0m,1
15004,hammerdrop3f0m,1
15005,hammerdrop3f0m,1
15006,hammerdrop3f0m,1
15007,hammerdrop3f0m,1
15008,hammerdrop3f0m,1
15009,hammerdrop3f0m,1
15010,hammerdrop3f0m,2
15011,hammerdrop3f0m,2
15012,hammerdrop3f0m,2
15013,hammerdrop3f0m,2
15014,hammerdrop3f0m,2
15015,hammerdrop3f0m,2
15016,hammerdrop3f0m,2
15017,hammerdrop3f0m,2
15018,hammerdrop3f0m,2
15019,hammerdrop3f0m,2
15020,hammerdrop3f0m,3
15021,hammerdrop3f0m,3
15022,hammerdrop3f0m,3
15023,hammerdrop3f0m,3
15024,hammerdrop3f0m,3
15025,hammerdrop3f0m,3
15026,hammerdrop3f0m,3
15027,hammerdrop3f0m,3
15028,hammerdrop3f0m,3
15029,hammerdrop3f0m,3
15030,hammerdrop3f0m,4
15031,hammerdrop3f0m,4
15032,hammerdrop3f0m,4
15033,hammerdrop3f0m,4
15034,hammerdrop3f0m,4
15035,hammerdrop3f0m,4
15036,hammerdrop3f0m,4
15037,hammerdrop3f0m,4
15038,hammerdrop3f0m,4
15039,hammerdrop3f0m,4
15040,hammerdrop3f0m,5
15041,hammerdrop3f0m,5
15042,hammerdrop3f0m,5
15043,hammerdrop3f0m,5
15044,hammerdrop3f0m,5
15045,hammerdrop3f0m,5
15046,hammerdrop3f0m,5
15047,hammerdrop3f0m,5
15048,hammerdrop3f0m,5
15049,hammerdrop3f0m,5
16000,hammerdrop3f6m,1
16001,hammerdrop3f6m,1
16002,hammerdrop3f6m,1
16003,hammerdrop3f6m,1
16004,hammerdrop3f6m,1
16005,hammerdrop3f6m,1
16006,hammerdrop3f6m,1
16007,hammerdrop3f6m,1
16008,hammerdrop3f6m,1
16009,hammerdrop3f6m,1
16010,hammerdrop3f6m,2
16011,hammerdrop3f6m,2
16012,hammerdrop3f6m,2
16013,hammerdrop3f6m,2
16014,hammerdrop3f6m,2
16015,hammerdrop3f6m,2
16016,hammerdrop3f6m,2
16017,hammerdrop3f6m,2
16018,hammerdrop3f6m,2
16019,hammerdrop3f6m,2
16020,hammerdrop3f6m,3
16021,hammerdrop3f6m,3
16022,hammerdrop3f6m,3
16023,hammerdrop3f6m,3
16024,hammerdrop3f6m,3
16025,hammerdrop3f6m,3
16026,hammerdrop3f6m,3
16027,hammerdrop3f6m,3
16028,hammerdrop3f6m,3
16029,hammerdrop3f6m,3
16030,hammerdrop3f6m,4
16031,hammerdrop3f6m,4
16032,hammerdrop3f6m,4
16033,hammerdrop3f6m,4
16034,hammerdrop3f6m,4
16035,hammerdrop3f6m,4
16036,hammerdrop3f6m,4
16037,hammerdrop3f6m,4
16038,hammerdrop3f6m,4
16039,hammerdrop3f6m,4
16040,hammerdrop3f6m,5
16041,hammerdrop3f6m,5
16042,hammerdrop3f6m,5
16043,hammerdrop3f6m,5
16044,hammerdrop3f6m,5
16045,hammerdrop3f6m,5
16046,hammerdrop3f6m,5
16047,hammerdrop3f6m,5
16048,hammerdrop3f6m,5
16049,hammerdrop3f6m,5
17000,hammerdrop3f12m,1
17001,hammerdrop3f12m,1
17002,hammerdrop3f12m,1
17003,hammerdrop3f12m,1
17004,hammerdrop3f12m,1
17005,hammerdrop3f12m,1
17006,hammerdrop3f12m,1
17007,hammerdrop3f12m,1
17008,hammerdrop3f12m,1
17009,hammerdrop3f12m,1
17010,hammerdrop3f12m,2
17011,hammerdrop3f12m,2
17012,hammerdrop3f12m,2
17013,hammerdrop3f12m,2
17014,hammerdrop3f12m,2
17015,hammerdrop3f12m,2
17016,hammerdrop3f12m,2
17017,hammerdrop3f12m,2
17018,hammerdrop3f12m,2
17019,hammerdrop3f12m,2
17020,hammerdrop3f12m,3
17021,hammerdrop3f12m,3
17022,hammerdrop3f12m,3
17023,hammerdrop3f12m,3
17024,hammerdrop3f12m,3
17025,hammerdrop3f12m,3
17026,hammerdrop3f12m,3
17027,hammerdrop3f12m,3
17028,hammerdrop3f12m,3
17029,hammerdrop3f12m,3
17030,hammerdrop3f12m,4
17031,hammerdrop3f12m,4
17032,hammerdrop3f12m,4
17033,hammerdrop3f12m,4
17034,hammerdrop3f12m,4
17035,hammerdrop3f12m,4
17036,hammerdrop3f12m,4
17037,hammerdrop3f12m,4
17038,hammerdrop3f12m,4
17039,hammerdrop3f12m,4
17040,hammerdrop3f12m,5
17041,hammerdrop3f12m,5
17042,hammerdrop3f12m,5
17043,hammerdrop3f12m,5
17044,hammerdrop3f12m,5
17045,hammerdrop3f12m,5
17046,hammerdrop3f12m,5
17047,hammerdrop3f12m,5
17048,hammerdrop3f12m,5
17049,hammerdrop3f12m,5
18000,hammerhit1f0m,1
18001,hammerhit1f0m,1
18002,hammerhit1f0m,1
18003,hammerhit1f0m,1
18004,hammerhit1f0m,1
18005,hammerhit1f0m,1
18006,hammerhit1f0m,1
18007,hammerhit1f0m,1
18008,hammerhit1f0m,1
18009,hammerhit1f0m,1
18010,hammerhit1f0m,2
18011,hammerhit1f0m,2
18012,hammerhit1f0m,2
18013,hammerhit1f0m,2
18014,hammerhit1f0m,2
18015,hammerhit1f0m,2
18016,hammerhit1f0m,2
18017,hammerhit1f0m,2
18018,hammerhit1f0m,2
18019,hammerhit1f0m,2
18020,hammerhit1f0m,3
18021,hammerhit1f0m,3
18022,hammerhit1f0m,3
18023,hammerhit1f0m,3
18024,hammerhit1f0m,3
18025,hammerhit1f0m,3
18026,hammerhit1f0m,3
18027,hammerhit1f0m,3
18028,hammerhit1f0m,3
18029,hammerhit1f0m,3
18030,hammerhit1f0m,4
18031,hammerhit1f0m,4
18032,hammerhit1f0m,4
18033,hammerhit1f0m,4
18034,hammerhit1f0m,4
18035,hammerhit1f0m,4
18036,hammerhit1f0m,4
18037,hammerhit1f0m,4
18038,hammerhit1f0m,4
18039,hammerhit1f0m,4
18040,hammerhit1f0m,5
18041,hammerhit1f0m,5
18042,hammerhit1f0m,5
18043,hammerhit1f0m,5
18044,hammerhit1f0m,5
18045,hammerhit1f0m,5
18046,hammerhit1f0m,5
18047,hammerhit1f0m,5
18048,hammerhit1f0m,5
18049,hammerhit1f0m,5
19000,hammerhit1f6m,1
19001,hammerhit1f6m,1
19002,hammerhit1f6m,1
19003,hammerhit1f6m,1
19004,hammerhit1f6m,1
19005,hammerhit1f6m,1
19006,hammerhit1f6m,1
19007,hammerhit1f6m,1
19008,hammerhit1f6m,1
19009,hammerhit1f6m,1
19010,hammerhit1f6m,2
19011,hammerhit1f6m,2
19012,hammerhit1f6m,2
19013,hammerhit1f6m,2
19014,hammerhit1f6m,2
19015,hammerhit1f6m,2
19016,hammerhit1f6m,2
19017,hammerhit1f6m,2
19018,hammerhit1f6m,2
19019,hammerhit1f6m,2
19020,hammerhit1f6m,3
19021,hammerhit1f6m,3
19022,hammerhit1f6m,3
19023,hammerhit1f6m,3
19024,hammerhit1f6m,3
19025,hammerhit1f6m,3
19026,hammerhit1f6m,3
19027,hammerhit1f6m,3
19028,hammerhit1f6m,3
19029,hammerhit1f6m,3
19030,hammerhit1f6m,4
19031,hammerhit1f6m,4
19032,hammerhit1f6m,4
19033,hammerhit1f6m,4
19034,hammerhit1f6m,4
19035,hammerhit1f6m,4
19036,hammerhit1f6m,4
19037,hammerhit1f6m,4
19038,hammerhit1f6m,4
19039,hammerhit1f6m,4
19040,hammerhit1f6m,5
19041,hammerhit1f6m,5
19042,hammerhit1f6m,5
19043,hammerhit1f6m,5
19044,hammerhit1f6m,5
19045,hammerhit1f6m,5
19046,hammerhit1f6m,5
19047,hammerhit1f6m,5
19048,hammerhit1f6m,5
19049,hammerhit1f6m,5
20000,hammerhit1f12m,1
20001,hammerhit1f12m,1
20002,hammerhit1f12m,1
20003,hammerhit1f12m,1
20004,hammerhit1f12m,1
20005,hammerhit1f12m,1
20006,hammerhit1f12m,1
20007,hammerhit1f12m,1
20008,hammerhit1f12m,1
20009,hammerhit1f12m,1
20010,hammerhit1f12m,2
20011,hammerhit1f12m,2
20012,hammerhit1f12m,2
20013,hammerhit1f12m,2
20014,hammerhit1f12m,2
20015,hammerhit1f12m,2
20016,hammerhit1f12m,2
20017,hammerhit1f12m,2
20018,hammerhit1f12m,2
20019,hammerhit1f12m,2
20020,hammerhit1f12m,3
20021,hammerhit1f12m,3
20022,hammerhit1f12m,3
20023,hammerhit1f12m,3
20024,hammerhit1f12m,3
20025,hammerhit1f12m,3
20026,hammerhit1f12m,3
20027,hammerhit1f12m,3
20028,hammerhit1f12m,3
20029,hammerhit1f12m,3
20030,hammerhit1f12m,4
20031,hammerhit1f12m,4
20032,hammerhit1f12m,4
20033,hammerhit1f12m,4
20034,hammerhit1f12m,4
20035,hammerhit1f12m,4
20036,hammerhit1f12m,4
20037,hammerhit1f12m,4
20038,hammerhit1f12m,4
20039,hammerhit1f12m,4
20040,hammerhit1f12m,5
20041,hammerhit1f12m,5
20042,hammerhit1f12m,5
20043,hammerhit1f12m,5
20044,hammerhit1f12m,5
20045,hammerhit1f12m,5
20046,hammerhit1f12m,5
20047,hammerhit1f12m,5
20048,hammerhit1f12m,5
20049,hammerhit1f12m,5
21000,hammerhit2f0m,1
21001,hammerhit2f0m,1
21002,hammerhit2f0m,1
21003,hammerhit2f0m,1
21004,hammerhit2f0m,1
21005,hammerhit2f0m,1
21006,hammerhit2f0m,1
21007,hammerhit2f0m,1
21008,hammerhit2f0m,1
21009,hammerhit2f0m,1
21010,hammerhit2f0m,2
21011,hammerhit2f0m,2
21012,hammerhit2f0m,2
21013,hammerhit2f0m,2
21014,hammerhit2f0m,2
21015,hammerhit2f0m,2
21016,hammerhit2f0m,2
21017,hammerhit2f0m,2
21018,hammerhit2f0m,2
21019,hammerhit2f0m,2
21020,hammerhit2f0m,3
21021,hammerhit2f0m,3
21022,hammerhit2f0m,3
21023,hammerhit2f0m,3
21024,hammerhit2f0m,3
21025,hammerhit2f0m,3
21026,hammerhit2f0m,3
21027,hammerhit2f0m,3
21028,hammerhit2f0m,3
21029,hammerhit2f0m,3
21030,hammerhit2f0m,4
21031,hammerhit2f0m,4
21032,hammerhit2f0m,4
21033,hammerhit2f0m,4
21034,hammerhit2f0m,4
21035,hammerhit2f0m,4
21036,hammerhit2f0m,4
21037,hammerhit2f0m,4
21038,hammerhit2f0m,4
21039,hammerhit2f0m,4
21040,hammerhit2f0m,5
21041,hammerhit2f0m,5
21042,hammerhit2f0m,5
21043,hammerhit2f0m,5
21044,hammerhit2f0m,5
21045,hammerhit2f0m,5
21046,hammerhit2f0m,5
21047,hammerhit2f0m,5
21048,hammerhit2f0m,5
21049,hammerhit2f0m,5
22000,hammerhit2f6m,1
22001,hammerhit2f6m,1
22002,hammerhit2f6m,1
22003,hammerhit2f6m,1
22004,hammerhit2f6m,1
22005,hammerhit2f6m,1
22006,hammerhit2f6m,1
22007,hammerhit2f6m,1
22008,hammerhit2f6m,1
22009,hammerhit2f6m,1
22010,hammerhit2f6m,2
22011,hammerhit2f6m,2
22012,hammerhit2f6m,2
22013,hammerhit2f6m,2
22014,hammerhit2f6m,2
22015,hammerhit2f6m,2
22016,hammerhit2f6m,2
22017,hammerhit2f6m,2
22018,hammerhit2f6m,2
22019,hammerhit2f6m,2
22020,hammerhit2f6m,3
22021,hammerhit2f6m,3
22022,hammerhit2f6m,3
22023,hammerhit2f6m,3
22024,hammerhit2f6m,3
22025,hammerhit2f6m,3
22026,hammerhit2f6m,3
22027,hammerhit2f6m,3
22028,hammerhit2f6m,3
22029,hammerhit2f6m,3
22030,hammerhit2f6m,4
22031,hammerhit2f6m,4
22032,hammerhit2f6m,4
22033,hammerhit2f6m,4
22034,hammerhit2f6m,4
22035,hammerhit2f6m,4
22036,hammerhit2f6m,4
22037,hammerhit2f6m,4
22038,hammerhit2f6m,4
22039,hammerhit2f6m,4
22040,hammerhit2f6m,5
22041,hammerhit2f6m,5
22042,hammerhit2f6m,5
22043,hammerhit2f6m,5
22044,hammerhit2f6m,5
22045,hammerhit2f6m,5
22046,hammerhit2f6m,5
22047,hammerhit2f6m,5
22048,hammerhit2f6m,5
22049,hammerhit2f6m,5
23000,hammerhit2f12m,1
23001,hammerhit2f12m,1
23002,hammerhit2f12m,1
23003,hammerhit2f12m,1
23004,hammerhit2f12m,1
23005,hammerhit2f12m,1
23006,hammerhit2f12m,1
23007,hammerhit2f12m,1
23008,hammerhit2f12m,1
23009,hammerhit2f12m,1
23010,hammerhit2f12m,2
23011,hammerhit2f12m,2
23012,hammerhit2f12m,2
23013,hammerhit2f12m,2
23014,hammerhit2f12m,2
23015,hammerhit2f12m,2
23016,hammerhit2f12m,2
23017,hammerhit2f12m,2
23018,hammerhit2f12m,2
23019,hammerhit2f12m,2
23020,hammerhit2f12m,3
23021,hammerhit2f12m,3
23022,hammerhit2f12m,3
23023,hammerhit2f12m,3
23024,hammerhit2f12m,3
23025,hammerhit2f12m,3
23026,hammerhit2f12m,3
23027,hammerhit2f12m,3
23028,hammerhit2f12m,3
23029,hammerhit2f12m,3
23030,hammerhit2f12m,4
23031,hammerhit2f12m,4
23032,hammerhit2f12m,4
23033,hammerhit2f12m,4
23034,hammerhit2f12m,4
23035,hammerhit2f12m,4
23036,hammerhit2f12m,4
23037,hammerhit2f12m,4
23038,hammerhit2f12m,4
23039,hammerhit2f12m,4
23040,hammerhit2f12m,5
23041,hammerhit2f12m,5
23042,hammerhit2f12m,5
23043,hammerhit2f12m,5
23044,hammerhit2f12m,5
23045,hammerhit2f12m,5
23046,hammerhit2f12m,5
23047,hammerhit2f12m,5
23048,hammerhit2f12m,5
23049,hammerhit2f12m,5
24000,hammerhit3f0m,1
24001,hammerhit3f0m,1
24002,hammerhit3f0m,1
24003,hammerhit3f0m,1
24004,hammerhit3f0m,1
24005,hammerhit3f0m,1
24006,hammerhit3f0m,1
24007,hammerhit3f0m,1
24008,hammerhit3f0m,1
24009,hammerhit3f0m,1
24010,hammerhit3f0m,2
24011,hammerhit3f0m,2
24012,hammerhit3f0m,2
24013,hammerhit3f0m,2
24014,hammerhit3f0m,2
24015,hammerhit3f0m,2
24016,hammerhit3f0m,2
24017,hammerhit3f0m,2
24018,hammerhit3f0m,2
24019,hammerhit3f0m,2
24020,hammerhit3f0m,3
24021,hammerhit3f0m,3
24022,hammerhit3f0m,3
24023,hammerhit3f0m,3
24024,hammerhit3f0m,3
24025,hammerhit3f0m,3
24026,hammerhit3f0m,3
24027,hammerhit3f0m,3
24028,hammerhit3f0m,3
24029,hammerhit3f0m,3
24030,hammerhit3f0m,4
24031,hammerhit3f0m,4
24032,hammerhit3f0m,4
24033,hammerhit3f0m,4
24034,hammerhit3f0m,4
24035,hammerhit3f0m,4
24036,hammerhit3f0m,4
24037,hammerhit3f0m,4
24038,hammerhit3f0m,4
24039,hammerhit3f0m,4
24040,hammerhit3f0m,5
24041,hammerhit3f0m,5
24042,hammerhit3f0m,5
24043,hammerhit3f0m,5
24044,hammerhit3f0m,5
24045,hammerhit3f0m,5
24046,hammerhit3f0m,5
24047,hammerhit3f0m,5
24048,hammerhit3f0m,5
24049,hammerhit3f0m,5
25000,hammerhit3f6m,1
25001,hammerhit3f6m,1
25002,hammerhit3f6m,1
25003,hammerhit3f6m,1
25004,hammerhit3f6m,1
25005,hammerhit3f6m,1
25006,hammerhit3f6m,1
25007,hammerhit3f6m,1
25008,hammerhit3f6m,1
25009,hammerhit3f6m,1
25010,hammerhit3f6m,2
25011,hammerhit3f6m,2
25012,hammerhit3f6m,2
25013,hammerhit3f6m,2
25014,hammerhit3f6m,2
25015,hammerhit3f6m,2
25016,hammerhit3f6m,2
25017,hammerhit3f6m,2
25018,hammerhit3f6m,2
25019,hammerhit3f6m,2
25020,hammerhit3f6m,3
25021,hammerhit3f6m,3
25022,hammerhit3f6m,3
25023,hammerhit3f6m,3
25024,hammerhit3f6m,3
25025,hammerhit3f6m,3
25026,hammerhit3f6m,3
25027,hammerhit3f6m,3
25028,hammerhit3f6m,3
25029,hammerhit3f6m,3
25030,hammerhit3f6m,4
25031,hammerhit3f6m,4
25032,hammerhit3f6m,4
25033,hammerhit3f6m,4
25034,hammerhit3f6m,4
25035,hammerhit3f6m,4
25036,hammerhit3f6m,4
25037,hammerhit3f6m,4
25038,hammerhit3f6m,4
25039,hammerhit3f6m,4
25040,hammerhit3f6m,5
25041,hammerhit3f6m,5
25042,hammerhit3f6m,5
25043,hammerhit3f6m,5
25044,hammerhit3f6m,5
25045,hammerhit3f6m,5
25046,hammerhit3f6m,5
25047,hammerhit3f6m,5
25048,hammerhit3f6m,5
25049,hammerhit3f6m,5
26000,hammerhit3f12m,1
26001,hammerhit3f12m,1
26002,hammerhit3f12m,1
26003,hammerhit3f12m,1
26004,hammerhit3f12m,1
26005,hammerhit3f12m,1
26006,hammerhit3f12m,1
26007,hammerhit3f12m,1
26008,hammerhit3f12m,1
26009,hammerhit3f12m,1
26010,hammerhit3f12m,2
26011,hammerhit3f12m,2
26012,hammerhit3f12m,2
26013,hammerhit3f12m,2
26014,hammerhit3f12m,2
26015,hammerhit3f12m,2
26016,hammerhit3f12m,2
26017,hammerhit3f12m,2
26018,hammerhit3f12m,2
26019,hammerhit3f12m,2
26020,hammerhit3f12m,3
26021,hammerhit3f12m,3
26022,hammerhit3f12m,3
26023,hammerhit3f12m,3
26024,hammerhit3f12m,3
26025,hammerhit3f12m,3
26026,hammerhit3f12m,3
26027,hammerhit3f12m,3
26028,hammerhit3f12m,3
26029,hammerhit3f12m,3
26030,hammerhit3f12m,4
26031,hammerhit3f12m,4
26032,hammerhit3f12m,4
26033,hammerhit3f12m,4
26034,hammerhit3f12m,4
26035,hammerhit3f12m,4
26036,hammerhit3f12m,4
26037,hammerhit3f12m,4
26038,hammerhit3f12m,4
26039,hammerhit3f12m,4
26040,hammerhit3f12m,5
26041,hammerhit3f12m,5
26042,hammerhit3f12m,5
26043,hammerhit3f12m,5
26044,hammerhit3f12m,5
26045,hammerhit3f12m,5
26046,hammerhit3f12m,5
26047,hammerhit3f12m,5
26048,hammerhit3f12m,5
26049,hammerhit3f12m,5
27000,chairdrag1f0m,1
27001,chairdrag1f0m,1
27002,chairdrag1f0m,1
27003,chairdrag1f0m,1
27004,chairdrag1f0m,1
27005,chairdrag1f0m,1
27006,chairdrag1f0m,1
27007,chairdrag1f0m,1
27008,chairdrag1f0m,1
27009,chairdrag1f0m,1
27010,chairdrag1f0m,2
27011,chairdrag1f0m,2
27012,chairdrag1f0m,2
27013,chairdrag1f0m,2
27014,chairdrag1f0m,2
27015,chairdrag1f0m,2
27016,chairdrag1f0m,2
27017,chairdrag1f0m,2
27018,chairdrag1f0m,2
27019,chairdrag1f0m,2
27020,chairdrag1f0m,3
27021,chairdrag1f0m,3
27022,chairdrag1f0m,3
27023,chairdrag1f0m,3
27024,chairdrag1f0m,3
27025,chairdrag1f0m,3
27026,chairdrag1f0m,3
27027,chairdrag1f0m,3
27028,chairdrag1f0m,3
27029,chairdrag1f0m,3
27030,chairdrag1f0m,4
27031,chairdrag1f0m,4
27032,chairdrag1f0m,4
27033,chairdrag1f0m,4
27034,chairdrag1f0m,4
27035,chairdrag1f0m,4
27036,chairdrag1f0m,4
27037,chairdrag1f0m,4
27038,chairdrag1f0m,4
27039,chairdrag1f0m,4
27040,chairdrag1f0m,5
27041,chairdrag1f0m,5
27042,chairdrag1f0m,5
27043,chairdrag1f0m,5
27044,chairdrag1f0m,5
27045,chairdrag1f0m,5
27046,chairdrag1f0m,5
27047,chairdrag1f0m,5
27048,chairdrag1f0m,5
27049,chairdrag1f0m,5
28000,chairdrag1f6m,1
28001,chairdrag1f6m,1
28002,chairdrag1f6m,1
28003,chairdrag1f6m,1
28004,chairdrag1f6m,1
28005,chairdrag1f6m,1
28006,chairdrag1f6m,1
28007,chairdrag1f6m,1
28008,chairdrag1f6m,1
28009,chairdrag1f6m,1
28010,chairdrag1f6m,2
28011,chairdrag1f6m,2
28012,chairdrag1f6m,2
28013,chairdrag1f6m,2
28014,chairdrag1f6m,2
28015,chairdrag1f6m,2
28016,chairdrag1f6m,2
28017,chairdrag1f6m,2
28018,chairdrag1f6m,2
28019,chairdrag1f6m,2
28020,chairdrag1f6m,3
28021,chairdrag1f6m,3
28022,chairdrag1f6m,3
28023,chairdrag1f6m,3
28024,chairdrag1f6m,3
28025,chairdrag1f6m,3
28026,chairdrag1f6m,3
28027,chairdrag1f6m,3
28028,chairdrag1f6m,3
28029,chairdrag1f6m,3
28030,chairdrag1f6m,4
28031,chairdrag1f6m,4
28032,chairdrag1f6m,4
28033,chairdrag1f6m,4
28034,chairdrag1f6m,4
28035,chairdrag1f6m,4
28036,chairdrag1f6m,4
28037,chairdrag1f6m,4
28038,chairdrag1f6m,4
28039,chairdrag1f6m,4
28040,chairdrag1f6m,5
28041,chairdrag1f6m,5
28042,chairdrag1f6m,5
28043,chairdrag1f6m,5
28044,chairdrag1f6m,5
28045,chairdrag1f6m,5
28046,chairdrag1f6m,5
28047,chairdrag1f6m,5
28048,chairdrag1f6m,5
28049,chairdrag1f6m,5
29000,chairdrag1f12m,1
29001,chairdrag1f12m,1
29002,chairdrag1f12m,1
29003,chairdrag1f12m,1
29004,chairdrag1f12m,1
29005,chairdrag1f12m,1
29006,chairdrag1f12m,1
29007,chairdrag1f12m,1
29008,chairdrag1f12m,1
29009,chairdrag1f12m,1
29010,chairdrag1f12m,2
29011,chairdrag1f12m,2
29012,chairdrag1f12m,2
29013,chairdrag1f12m,2
29014,chairdrag1f12m,2
29015,chairdrag1f12m,2
29016,chairdrag1f12m,2
29017,chairdrag1f12m,2
29018,chairdrag1f12m,2
29019,chairdrag1f12m,2
29020,chairdrag1f12m,3
29021,chairdrag1f12m,3
29022,chairdrag1f12m,3
29023,chairdrag1f12m,3
29024,chairdrag1f12m,3
29025,chairdrag1f12m,3
29026,chairdrag1f12m,3
29027,chairdrag1f12m,3
29028,chairdrag1f12m,3
29029,chairdrag1f12m,3
29030,chairdrag1f12m,4
29031,chairdrag1f12m,4
29032,chairdrag1f12m,4
29033,chairdrag1f12m,4
29034,chairdrag1f12m,4
29035,chairdrag1f12m,4
29036,chairdrag1f12m,4
29037,chairdrag1f12m,4
29038,chairdrag1f12m,4
29039,chairdrag1f12m,4
29040,chairdrag1f12m,5
29041,chairdrag1f12m,5
29042,chairdrag1f12m,5
29043,chairdrag1f12m,5
29044,chairdrag1f12m,5
29045,chairdrag1f12m,5
29046,chairdrag1f12m,5
29047,chairdrag1f12m,5
29048,chairdrag1f12m,5
29049,chairdrag1f12m,5
30000,chairdrag2f0m,1
30001,chairdrag2f0m,1
30002,chairdrag2f0m,1
30003,chairdrag2f0m,1
30004,chairdrag2f0m,1
30005,chairdrag2f0m,1
30006,chairdrag2f0m,1
30007,chairdrag2f0m,1
30008,chairdrag2f0m,1
30009,chairdrag2f0m,1
30010,chairdrag2f0m,2
30011,chairdrag2f0m,2
30012,chairdrag2f0m,2
30013,chairdrag2f0m,2
30014,chairdrag2f0m,2
30015,chairdrag2f0m,2
30016,chairdrag2f0m,2
30017,chairdrag2f0m,2
30018,chairdrag2f0m,2
30019,chairdrag2f0m,2
30020,chairdrag2f0m,3
30021,chairdrag2f0m,3
30022,chairdrag2f0m,3
30023,chairdrag2f0m,3
30024,chairdrag2f0m,3
30025,chairdrag2f0m,3
30026,chairdrag2f0m,3
30027,chairdrag2f0m,3
30028,chairdrag2f0m,3
30029,chairdrag2f0m,3
30030,chairdrag2f0m,4
30031,chairdrag2f0m,4
30032,chairdrag2f0m,4
30033,chairdrag2f0m,4
30034,chairdrag2f0m,4
30035,chairdrag2f0m,4
30036,chairdrag2f0m,4
30037,chairdrag2f0m,4
30038,chairdrag2f0m,4
30039,chairdrag2f0m,4
30040,chairdrag2f0m,5
30041,chairdrag2f0m,5
30042,chairdrag2f0m,5
30043,chairdrag2f0m,5
30044,chairdrag2f0m,5
30045,chairdrag2f0m,5
30046,chairdrag2f0m,5
30047,chairdrag2f0m,5
30048,chairdrag2f0m,5
30049,chairdrag2f0m,5
31000,chairdrag2f6m,1
31001,chairdrag2f6m,1
31002,chairdrag2f6m,1
31003,chairdrag2f6m,1
31004,chairdrag2f6m,1
31005,chairdrag2f6m,1
31006,chairdrag2f6m,1
31007,chairdrag2f6m,1
31008,chairdrag2f6m,1
31009,chairdrag2f6m,1
31010,chairdrag2f6m,2
31011,chairdrag2f6m,2
31012,chairdrag2f6m,2
31013,chairdrag2f6m,2
31014,chairdrag2f6m,2
31015,chairdrag2f6m,2
31016,chairdrag2f6m,2
31017,chairdrag2f6m,2
31018,chairdrag2f6m,2
31019,chairdrag2f6m,2
31020,chairdrag2f6m,3
31021,chairdrag2f6m,3
31022,chairdrag2f6m,3
31023,chairdrag2f6m,3
31024,chairdrag2f6m,3
31025,chairdrag2f6m,3
31026,chairdrag2f6m,3
31027,chairdrag2f6m,3
31028,chairdrag2f6m,3
31029,chairdrag2f6m,3
31030,chairdrag2f6m,4
31031,chairdrag2f6m,4
31032,chairdrag2f6m,4
31033,chairdrag2f6m,4
31034,chairdrag2f6m,4
31035,chairdrag2f6m,4
31036,chairdrag2f6m,4
31037,chairdrag2f6m,4
31038,chairdrag2f6m,4
31039,chairdrag2f6m,4
31040,chairdrag2f6m,5
31041,chairdrag2f6m,5
31042,chairdrag2f6m,5
31043,chairdrag2f6m,5
31044,chairdrag2f6m,5
31045,chairdrag2f6m,5
31046,chairdrag2f6m,5
31047,chairdrag2f6m,5
31048,chairdrag2f6m,5
31049,chairdrag2f6m,5
32000,chairdrag2f12m,1
32001,chairdrag2f12m,1
32002,chairdrag2f12m,1
32003,chairdrag2f12m,1
32004,chairdrag2f12m,1
32005,chairdrag2f12m,1
32006,chairdrag2f12m,1
32007,chairdrag2f12m,1
32008,chairdrag2f12m,1
32009,chairdrag2f12m,1
32010,chairdrag2f12m,2
32011,chairdrag2f12m,2
32012,chairdrag2f12m,2
32013,chairdrag2f12m,2
32014,chairdrag2f12m,2
32015,chairdrag2f12m,2
32016,chairdrag2f12m,2
32017,chairdrag2f12m,2
32018,chairdrag2f12m,2
32019,chairdrag2f12m,2
32020,chairdrag2f12m,3
32021,chairdrag2f12m,3
32022,chairdrag2f12m,3
32023,chairdrag2f12m,3
32024,chairdrag2f12m,3
32025,chairdrag2f12m,3
32026,chairdrag2f12m,3
32027,chairdrag2f12m,3
32028,chairdrag2f12m,3
32029,chairdrag2f12m,3
32030,chairdrag2f12m,4
32031,chairdrag2f12m,4
32032,chairdrag2f12m,4
32033,chairdrag2f12m,4
32034,chairdrag2f12m,4
32035,chairdrag2f12m,4
32036,chairdrag2f12m,4
32037,chairdrag2f12m,4
32038,chairdrag2f12m,4
32039,chairdrag2f12m,4
32040,chairdrag2f12m,5
32041,chairdrag2f12m,5
32042,chairdrag2f12m,5
32043,chairdrag2f12m,5
32044,chairdrag2f12m,5
32045,chairdrag2f12m,5
32046,chairdrag2f12m,5
32047,chairdrag2f12m,5
32048,chairdrag2f12m,5
32049,chairdrag2f12m,5
33000,chairdrag3f0m,1
33001,chairdrag3f0m,1
33002,chairdrag3f0m,1
33003,chairdrag3f0m,1
33004,chairdrag3f0m,1
33005,chairdrag3f0m,1
33006,chairdrag3f0m,1
33007,chairdrag3f0m,1
33008,chairdrag3f0m,1
33009,chairdrag3f0m,1
33010,chairdrag3f0m,2
33011,chairdrag3f0m,2
33012,chairdrag3f0m,2
33013,chairdrag3f0m,2
33014,chairdrag3f0m,2
33015,chairdrag3f0m,2
33016,chairdrag3f0m,2
33017,chairdrag3f0m,2
33018,chairdrag3f0m,2
33019,chairdrag3f0m,2
33020,chairdrag3f0m,3
33021,chairdrag3f0m,3
33022,chairdrag3f0m,3
33023,chairdrag3f0m,3
33024,chairdrag3f0m,3
33025,chairdrag3f0m,3
33026,chairdrag3f0m,3
33027,chairdrag3f0m,3
33028,chairdrag3f0m,3
33029,chairdrag3f0m,3
33030,chairdrag3f0m,4
33031,chairdrag3f0m,4
33032,chairdrag3f0m,4
33033,chairdrag3f0m,4
33034,chairdrag3f0m,4
33035,chairdrag3f0m,4
33036,chairdrag3f0m,4
33037,chairdrag3f0m,4
33038,chairdrag3f0m,4
33039,chairdrag3f0m,4
33040,chairdrag3f0m,5
33041,chairdrag3f0m,5
33042,chairdrag3f0m,5
33043,chairdrag3f0m,5
33044,chairdrag3f0m,5
33045,chairdrag3f0m,5
33046,chairdrag3f0m,5
33047,chairdrag3f0m,5
33048,chairdrag3f0m,5
33049,chairdrag3f0m,5
34000,chairdrag3f6m,1
34001,chairdrag3f6m,1
34002,chairdrag3f6m,1
34003,chairdrag3f6m,1
34004,chairdrag3f6m,1
34005,chairdrag3f6m,1
34006,chairdrag3f6m,1
34007,chairdrag3f6m,1
34008,chairdrag3f6m,1
34009,chairdrag3f6m,1
34010,chairdrag3f6m,2
34011,chairdrag3f6m,2
34012,chairdrag3f6m,2
34013,chairdrag3f6m,2
34014,chairdrag3f6m,2
34015,chairdrag3f6m,2
34016,chairdrag3f6m,2
34017,chairdrag3f6m,2
34018,chairdrag3f6m,2
34019,chairdrag3f6m,2
34020,chairdrag3f6m,3
34021,chairdrag3f6m,3
34022,chairdrag3f6m,3
34023,chairdrag3f6m,3
34024,chairdrag3f6m,3
34025,chairdrag3f6m,3
34026,chairdrag3f6m,3
34027,chairdrag3f6m,3
34028,chairdrag3f6m,3
34029,chairdrag3f6m,3
34030,chairdrag3f6m,4
34031,chairdrag3f6m,4
34032,chairdrag3f6m,4
34033,chairdrag3f6m,4
34034,chairdrag3f6m,4
34035,chairdrag3f6m,4
34036,chairdrag3f6m,4
34037,chairdrag3f6m,4
34038,chairdrag3f6m,4
34039,chairdrag3f6m,4
34040,chairdrag3f6m,5
34041,chairdrag3f6m,5
34042,chairdrag3f6m,5
34043,chairdrag3f6m,5
34044,chairdrag3f6m,5
34045,chairdrag3f6m,5
34046,chairdrag3f6m,5
34047,chairdrag3f6m,5
34048,chairdrag3f6m,5
34049,chairdrag3f6m,5
35000,chairdrag3f12m,1
35001,chairdrag3f12m,1
35002,chairdrag3f12m,1
35003,chairdrag3f12m,1
35004,chairdrag3f12m,1
35005,chairdrag3f12m,1
35006,chairdrag3f12m,1
35007,chairdrag3f12m,1
35008,chairdrag3f12m,1
35009,chairdrag3f12m,1
35010,chairdrag3f12m,2
35011,chairdrag3f12m,2
35012,chairdrag3f12m,2
35013,chairdrag3f12m,2
35014,chairdrag3f12m,2
35015,chairdrag3f12m,2
35016,chairdrag3f12m,2
35017,chairdrag3f12m,2
35018,chairdrag3f12m,2
35019,chairdrag3f12m,2
35020,chairdrag3f12m,3
35021,chairdrag3f12m,3
35022,chairdrag3f12m,3
35023,chairdrag3f12m,3
35024,chairdrag3f12m,3
35025,chairdrag3f12m,3
35026,chairdrag3f12m,3
35027,chairdrag3f12m,3
35028,chairdrag3f12m,3
35029,chairdrag3f12m,3
35030,chairdrag3f12m,4
35031,chairdrag3f12m,4
35032,chairdrag3f12m,4
35033,chairdrag3f12m,4
35034,chairdrag3f12m,4
35035,chairdrag3f12m,4
35036,chairdrag3f12m,4
35037,chairdrag3f12m,4
35038,chairdrag3f12m,4
35039,chairdrag3f12m,4
35040,chairdrag3f12m,5
35041,chairdrag3f12m,5
35042,chairdrag3f12m,5
35043,chairdrag3f12m,5
35044,chairdrag3f12m,5
35045,chairdrag3f12m,5
35046,chairdrag3f12m,5
35047,chairdrag3f12m,5
35048,chairdrag3f12m,5
35049,chairdrag3f12m,5
36000,vacuumcleaner2f0m,1
36001,vacuumcleaner2f0m,1
36002,vacuumcleaner2f0m,1
36003,vacuumcleaner2f0m,1
36004,vacuumcleaner2f0m,1
36005,vacuumcleaner2f0m,1
36006,vacuumcleaner2f0m,1
36007,vacuumcleaner2f0m,1
36008,vacuumcleaner2f0m,1
36009,vacuumcleaner2f0m,1
36010,vacuumcleaner2f0m,2
36011,vacuumcleaner2f0m,2
36012,vacuumcleaner2f0m,2
36013,vacuumcleaner2f0m,2
36014,vacuumcleaner2f0m,2
36015,vacuumcleaner2f0m,2
36016,vacuumcleaner2f0m,2
36017,vacuumcleaner2f0m,2
36018,vacuumcleaner2f0m,2
36019,vacuumcleaner2f0m,2
36020,vacuumcleaner2f0m,3
36021,vacuumcleaner2f0m,3
36022,vacuumcleaner2f0m,3
36023,vacuumcleaner2f0m,3
36024,vacuumcleaner2f0m,3
36025,vacuumcleaner2f0m,3
36026,vacuumcleaner2f0m,3
36027,vacuumcleaner2f0m,3
36028,vacuumcleaner2f0m,3
36029,vacuumcleaner2f0m,3
36030,vacuumcleaner2f0m,4
36031,vacuumcleaner2f0m,4
36032,vacuumcleaner2f0m,4
36033,vacuumcleaner2f0m,4
36034,vacuumcleaner2f0m,4
36035,vacuumcleaner2f0m,4
36036,vacuumcleaner2f0m,4
36037,vacuumcleaner2f0m,4
36038,vacuumcleaner2f0m,4
36039,vacuumcleaner2f0m,4
36040,vacuumcleaner2f0m,5
36041,vacuumcleaner2f0m,5
36042,vacuumcleaner2f0m,5
36043,vacuumcleaner2f0m,5
36044,vacuumcleaner2f0m,5
36045,vacuumcleaner2f0m,5
36046,vacuumcleaner2f0m,5
36047,vacuumcleaner2f0m,5
36048,vacuumcleaner2f0m,5
36049,vacuumcleaner2f0m,5
37000,vacuumcleaner2f6m,1
37001,vacuumcleaner2f6m,1
37002,vacuumcleaner2f6m,1
37003,vacuumcleaner2f6m,1
37004,vacuumcleaner2f6m,1
37005,vacuumcleaner2f6m,1
37006,vacuumcleaner2f6m,1
37007,vacuumcleaner2f6m,1
37008,vacuumcleaner2f6m,1
37009,vacuumcleaner2f6m,1
37010,vacuumcleaner2f6m,2
37011,vacuumcleaner2f6m,2
37012,vacuumcleaner2f6m,2
37013,vacuumcleaner2f6m,2
37014,vacuumcleaner2f6m,2
37015,vacuumcleaner2f6m,2
37016,vacuumcleaner2f6m,2
37017,vacuumcleaner2f6m,2
37018,vacuumcleaner2f6m,2
37019,vacuumcleaner2f6m,2
37020,vacuumcleaner2f6m,3
37021,vacuumcleaner2f6m,3
37022,vacuumcleaner2f6m,3
37023,vacuumcleaner2f6m,3
37024,vacuumcleaner2f6m,3
37025,vacuumcleaner2f6m,3
37026,vacuumcleaner2f6m,3
37027,vacuumcleaner2f6m,3
37028,vacuumcleaner2f6m,3
37029,vacuumcleaner2f6m,3
37030,vacuumcleaner2f6m,4
37031,vacuumcleaner2f6m,4
37032,vacuumcleaner2f6m,4
37033,vacuumcleaner2f6m,4
37034,vacuumcleaner2f6m,4
37035,vacuumcleaner2f6m,4
37036,vacuumcleaner2f6m,4
37037,vacuumcleaner2f6m,4
37038,vacuumcleaner2f6m,4
37039,vacuumcleaner2f6m,4
37040,vacuumcleaner2f6m,5
37041,vacuumcleaner2f6m,5
37042,vacuumcleaner2f6m,5
37043,vacuumcleaner2f6m,5
37044,vacuumcleaner2f6m,5
37045,vacuumcleaner2f6m,5
37046,vacuumcleaner2f6m,5
37047,vacuumcleaner2f6m,5
37048,vacuumcleaner2f6m,5
37049,vacuumcleaner2f6m,5
38000,vacuumcleaner2f12m,1
38001,vacuumcleaner2f12m,1
38002,vacuumcleaner2f12m,1
38003,vacuumcleaner2f12m,1
38004,vacuumcleaner2f12m,1
38005,vacuumcleaner2f12m,1
38006,vacuumcleaner2f12m,1
38007,vacuumcleaner2f12m,1
38008,vacuumcleaner2f12m,1
38009,vacuumcleaner2f12m,1
38010,vacuumcleaner2f12m,2
38011,vacuumcleaner2f12m,2
38012,vacuumcleaner2f12m,2
38013,vacuumcleaner2f12m,2
38014,vacuumcleaner2f12m,2
38015,vacuumcleaner2f12m,2
38016,vacuumcleaner2f12m,2
38017,vacuumcleaner2f12m,2
38018,vacuumcleaner2f12m,2
38019,vacuumcleaner2f12m,2
38020,vacuumcleaner2f12m,3
38021,vacuumcleaner2f12m,3
38022,vacuumcleaner2f12m,3
38023,vacuumcleaner2f12m,3
38024,vacuumcleaner2f12m,3
38025,vacuumcleaner2f12m,3
38026,vacuumcleaner2f12m,3
38027,vacuumcleaner2f12m,3
38028,vacuumcleaner2f12m,3
38029,vacuumcleaner2f12m,3
38030,vacuumcleaner2f12m,4
38031,vacuumcleaner2f12m,4
38032,vacuumcleaner2f12m,4
38033,vacuumcleaner2f12m,4
38034,vacuumcleaner2f12m,4
38035,vacuumcleaner2f12m,4
38036,vacuumcleaner2f12m,4
38037,vacuumcleaner2f12m,4
38038,vacuumcleaner2f12m,4
38039,vacuumcleaner2f12m,4
38040,vacuumcleaner2f12m,5
38041,vacuumcleaner2f12m,5
38042,vacuumcleaner2f12m,5
38043,vacuumcleaner2f12m,5
38044,vacuumcleaner2f12m,5
38045,vacuumcleaner2f12m,5
38046,vacuumcleaner2f12m,5
38047,vacuumcleaner2f12m,5
38048,vacuumcleaner2f12m,5
38049,vacuumcleaner2f12m,5